review,sentiment
Loved every bit of it! A masterpiece of modern cinema.,positive
Loved every bit of it! A masterpiece of modern cinema.,positive
A total waste of time. Couldn't wait for it to end.,negative
Loved every bit of it! A masterpiece of modern cinema.,positive
Loved every bit of it! A masterpiece of modern cinema.,positive
A total waste of time. Couldn't wait for it to end.,negative
Terrible script and horrible acting. Would not recommend.,negative
"Worst movie I've seen. Plot was weak, and the acting was worse.",negative
Terrible script and horrible acting. Would not recommend.,negative
One of the best films I've seen in years. Beautifully crafted!,positive
Disappointed! Expected more from the cast and director.,negative
Loved every bit of it! A masterpiece of modern cinema.,positive
One of the best films I've seen in years. Beautifully crafted!,positive
Loved every bit of it! A masterpiece of modern cinema.,positive
One of the best films I've seen in years. Beautifully crafted!,positive
One of the best films I've seen in years. Beautifully crafted!,positive
"Worst movie I've seen. Plot was weak, and the acting was worse.",negative
Loved every bit of it! A masterpiece of modern cinema.,positive
Terrible script and horrible acting. Would not recommend.,negative
Terrible script and horrible acting. Would not recommend.,negative
Terrible script and horrible acting. Would not recommend.,negative
Disappointed! Expected more from the cast and director.,negative
"Absolutely loved it! Great acting, wonderful plot, and stunning visuals.",positive
Disappointed! Expected more from the cast and director.,negative
A heartwarming story that touched my soul. Brilliant direction.,positive
Disappointed! Expected more from the cast and director.,negative
Terrible script and horrible acting. Would not recommend.,negative
One of the best films I've seen in years. Beautifully crafted!,positive
A total waste of time. Couldn't wait for it to end.,negative
"Absolutely loved it! Great acting, wonderful plot, and stunning visuals.",positive
Boring and predictable. Definitely not worth watching.,negative
A heartwarming story that touched my soul. Brilliant direction.,positive
A heartwarming story that touched my soul. Brilliant direction.,positive
"Absolutely loved it! Great acting, wonderful plot, and stunning visuals.",positive
Disappointed! Expected more from the cast and director.,negative
"Absolutely loved it! Great acting, wonderful plot, and stunning visuals.",positive
Disappointed! Expected more from the cast and director.,negative
A total waste of time. Couldn't wait for it to end.,negative
"Worst movie I've seen. Plot was weak, and the acting was worse.",negative
An outstanding movie with amazing performances. Highly recommend!,positive
Boring and predictable. Definitely not worth watching.,negative
A total waste of time. Couldn't wait for it to end.,negative
Terrible script and horrible acting. Would not recommend.,negative
A heartwarming story that touched my soul. Brilliant direction.,positive
A total waste of time. Couldn't wait for it to end.,negative
A total waste of time. Couldn't wait for it to end.,negative
"Absolutely loved it! Great acting, wonderful plot, and stunning visuals.",positive
A total waste of time. Couldn't wait for it to end.,negative
A heartwarming story that touched my soul. Brilliant direction.,positive
A heartwarming story that touched my soul. Brilliant direction.,positive
An outstanding movie with amazing performances. Highly recommend!,positive
Terrible script and horrible acting. Would not recommend.,negative
A total waste of time. Couldn't wait for it to end.,negative
Terrible script and horrible acting. Would not recommend.,negative
Boring and predictable. Definitely not worth watching.,negative
A heartwarming story that touched my soul. Brilliant direction.,positive
"Absolutely loved it! Great acting, wonderful plot, and stunning visuals.",positive
A total waste of time. Couldn't wait for it to end.,negative
Boring and predictable. Definitely not worth watching.,negative
A total waste of time. Couldn't wait for it to end.,negative
"Worst movie I've seen. Plot was weak, and the acting was worse.",negative
Terrible script and horrible acting. Would not recommend.,negative
Terrible script and horrible acting. Would not recommend.,negative
Loved every bit of it! A masterpiece of modern cinema.,positive
Loved every bit of it! A masterpiece of modern cinema.,positive
An outstanding movie with amazing performances. Highly recommend!,positive
Boring and predictable. Definitely not worth watching.,negative
Disappointed! Expected more from the cast and director.,negative
An outstanding movie with amazing performances. Highly recommend!,positive
A total waste of time. Couldn't wait for it to end.,negative
Loved every bit of it! A masterpiece of modern cinema.,positive
"Worst movie I've seen. Plot was weak, and the acting was worse.",negative
One of the best films I've seen in years. Beautifully crafted!,positive
Boring and predictable. Definitely not worth watching.,negative
One of the best films I've seen in years. Beautifully crafted!,positive
Terrible script and horrible acting. Would not recommend.,negative
Terrible script and horrible acting. Would not recommend.,negative
A total waste of time. Couldn't wait for it to end.,negative
"Worst movie I've seen. Plot was weak, and the acting was worse.",negative
One of the best films I've seen in years. Beautifully crafted!,positive
Boring and predictable. Definitely not worth watching.,negative
One of the best films I've seen in years. Beautifully crafted!,positive
An outstanding movie with amazing performances. Highly recommend!,positive
One of the best films I've seen in years. Beautifully crafted!,positive
"Worst movie I've seen. Plot was weak, and the acting was worse.",negative
Loved every bit of it! A masterpiece of modern cinema.,positive
An outstanding movie with amazing performances. Highly recommend!,positive
Boring and predictable. Definitely not worth watching.,negative
Loved every bit of it! A masterpiece of modern cinema.,positive
A heartwarming story that touched my soul. Brilliant direction.,positive
Loved every bit of it! A masterpiece of modern cinema.,positive
A total waste of time. Couldn't wait for it to end.,negative
Disappointed! Expected more from the cast and director.,negative
Terrible script and horrible acting. Would not recommend.,negative
Terrible script and horrible acting. Would not recommend.,negative
Boring and predictable. Definitely not worth watching.,negative
"Worst movie I've seen. Plot was weak, and the acting was worse.",negative
A total waste of time. Couldn't wait for it to end.,negative
Loved every bit of it! A masterpiece of modern cinema.,positive
"Worst movie I've seen. Plot was weak, and the acting was worse.",negative
A total waste of time. Couldn't wait for it to end.,negative
A total waste of time. Couldn't wait for it to end.,negative
Boring and predictable. Definitely not worth watching.,negative
An outstanding movie with amazing performances. Highly recommend!,positive
"Worst movie I've seen. Plot was weak, and the acting was worse.",negative
Loved every bit of it! A masterpiece of modern cinema.,positive
Loved every bit of it! A masterpiece of modern cinema.,positive
"Absolutely loved it! Great acting, wonderful plot, and stunning visuals.",positive
A heartwarming story that touched my soul. Brilliant direction.,positive
Terrible script and horrible acting. Would not recommend.,negative
"Worst movie I've seen. Plot was weak, and the acting was worse.",negative
A heartwarming story that touched my soul. Brilliant direction.,positive
Boring and predictable. Definitely not worth watching.,negative
Terrible script and horrible acting. Would not recommend.,negative
An outstanding movie with amazing performances. Highly recommend!,positive
Boring and predictable. Definitely not worth watching.,negative
Boring and predictable. Definitely not worth watching.,negative
A heartwarming story that touched my soul. Brilliant direction.,positive
Disappointed! Expected more from the cast and director.,negative
One of the best films I've seen in years. Beautifully crafted!,positive
Disappointed! Expected more from the cast and director.,negative
An outstanding movie with amazing performances. Highly recommend!,positive
Loved every bit of it! A masterpiece of modern cinema.,positive
Loved every bit of it! A masterpiece of modern cinema.,positive
A total waste of time. Couldn't wait for it to end.,negative
Boring and predictable. Definitely not worth watching.,negative
A heartwarming story that touched my soul. Brilliant direction.,positive
An outstanding movie with amazing performances. Highly recommend!,positive
"Absolutely loved it! Great acting, wonderful plot, and stunning visuals.",positive
Boring and predictable. Definitely not worth watching.,negative
"Absolutely loved it! Great acting, wonderful plot, and stunning visuals.",positive
Loved every bit of it! A masterpiece of modern cinema.,positive
Terrible script and horrible acting. Would not recommend.,negative
Disappointed! Expected more from the cast and director.,negative
A heartwarming story that touched my soul. Brilliant direction.,positive
Disappointed! Expected more from the cast and director.,negative
"Absolutely loved it! Great acting, wonderful plot, and stunning visuals.",positive
Boring and predictable. Definitely not worth watching.,negative
An outstanding movie with amazing performances. Highly recommend!,positive
A total waste of time. Couldn't wait for it to end.,negative
One of the best films I've seen in years. Beautifully crafted!,positive
"Worst movie I've seen. Plot was weak, and the acting was worse.",negative
"Worst movie I've seen. Plot was weak, and the acting was worse.",negative
Terrible script and horrible acting. Would not recommend.,negative
Terrible script and horrible acting. Would not recommend.,negative
An outstanding movie with amazing performances. Highly recommend!,positive
A heartwarming story that touched my soul. Brilliant direction.,positive
Boring and predictable. Definitely not worth watching.,negative
"Worst movie I've seen. Plot was weak, and the acting was worse.",negative
An outstanding movie with amazing performances. Highly recommend!,positive
A total waste of time. Couldn't wait for it to end.,negative
Terrible script and horrible acting. Would not recommend.,negative
A heartwarming story that touched my soul. Brilliant direction.,positive
An outstanding movie with amazing performances. Highly recommend!,positive
Boring and predictable. Definitely not worth watching.,negative
Loved every bit of it! A masterpiece of modern cinema.,positive
"Worst movie I've seen. Plot was weak, and the acting was worse.",negative
Disappointed! Expected more from the cast and director.,negative
A heartwarming story that touched my soul. Brilliant direction.,positive
Disappointed! Expected more from the cast and director.,negative
Boring and predictable. Definitely not worth watching.,negative
Boring and predictable. Definitely not worth watching.,negative
An outstanding movie with amazing performances. Highly recommend!,positive
One of the best films I've seen in years. Beautifully crafted!,positive
A total waste of time. Couldn't wait for it to end.,negative
"Worst movie I've seen. Plot was weak, and the acting was worse.",negative
One of the best films I've seen in years. Beautifully crafted!,positive
A heartwarming story that touched my soul. Brilliant direction.,positive
"Worst movie I've seen. Plot was weak, and the acting was worse.",negative
Boring and predictable. Definitely not worth watching.,negative
"Worst movie I've seen. Plot was weak, and the acting was worse.",negative
A heartwarming story that touched my soul. Brilliant direction.,positive
"Worst movie I've seen. Plot was weak, and the acting was worse.",negative
"Worst movie I've seen. Plot was weak, and the acting was worse.",negative
Boring and predictable. Definitely not worth watching.,negative
Loved every bit of it! A masterpiece of modern cinema.,positive
Terrible script and horrible acting. Would not recommend.,negative
One of the best films I've seen in years. Beautifully crafted!,positive
Terrible script and horrible acting. Would not recommend.,negative
Terrible script and horrible acting. Would not recommend.,negative
"Absolutely loved it! Great acting, wonderful plot, and stunning visuals.",positive
One of the best films I've seen in years. Beautifully crafted!,positive
"Worst movie I've seen. Plot was weak, and the acting was worse.",negative
A heartwarming story that touched my soul. Brilliant direction.,positive
Terrible script and horrible acting. Would not recommend.,negative
An outstanding movie with amazing performances. Highly recommend!,positive
Disappointed! Expected more from the cast and director.,negative
"Absolutely loved it! Great acting, wonderful plot, and stunning visuals.",positive
"Worst movie I've seen. Plot was weak, and the acting was worse.",negative
One of the best films I've seen in years. Beautifully crafted!,positive
An outstanding movie with amazing performances. Highly recommend!,positive
Disappointed! Expected more from the cast and director.,negative
Loved every bit of it! A masterpiece of modern cinema.,positive
A total waste of time. Couldn't wait for it to end.,negative
An outstanding movie with amazing performances. Highly recommend!,positive
Disappointed! Expected more from the cast and director.,negative
Boring and predictable. Definitely not worth watching.,negative
A heartwarming story that touched my soul. Brilliant direction.,positive
A heartwarming story that touched my soul. Brilliant direction.,positive
"Worst movie I've seen. Plot was weak, and the acting was worse.",negative
Disappointed! Expected more from the cast and director.,negative
Loved every bit of it! A masterpiece of modern cinema.,positive
"Absolutely loved it! Great acting, wonderful plot, and stunning visuals.",positive
Loved every bit of it! A masterpiece of modern cinema.,positive
An outstanding movie with amazing performances. Highly recommend!,positive
Loved every bit of it! A masterpiece of modern cinema.,positive
A total waste of time. Couldn't wait for it to end.,negative
Terrible script and horrible acting. Would not recommend.,negative
A heartwarming story that touched my soul. Brilliant direction.,positive
A heartwarming story that touched my soul. Brilliant direction.,positive
Terrible script and horrible acting. Would not recommend.,negative
"Worst movie I've seen. Plot was weak, and the acting was worse.",negative
A total waste of time. Couldn't wait for it to end.,negative
A total waste of time. Couldn't wait for it to end.,negative
Boring and predictable. Definitely not worth watching.,negative
An outstanding movie with amazing performances. Highly recommend!,positive
A total waste of time. Couldn't wait for it to end.,negative
Terrible script and horrible acting. Would not recommend.,negative
A heartwarming story that touched my soul. Brilliant direction.,positive
Boring and predictable. Definitely not worth watching.,negative
Terrible script and horrible acting. Would not recommend.,negative
Terrible script and horrible acting. Would not recommend.,negative
Boring and predictable. Definitely not worth watching.,negative
An outstanding movie with amazing performances. Highly recommend!,positive
"Worst movie I've seen. Plot was weak, and the acting was worse.",negative
A total waste of time. Couldn't wait for it to end.,negative
"Worst movie I've seen. Plot was weak, and the acting was worse.",negative
"Absolutely loved it! Great acting, wonderful plot, and stunning visuals.",positive
One of the best films I've seen in years. Beautifully crafted!,positive
One of the best films I've seen in years. Beautifully crafted!,positive
A total waste of time. Couldn't wait for it to end.,negative
One of the best films I've seen in years. Beautifully crafted!,positive
"Absolutely loved it! Great acting, wonderful plot, and stunning visuals.",positive
A heartwarming story that touched my soul. Brilliant direction.,positive
Disappointed! Expected more from the cast and director.,negative
Loved every bit of it! A masterpiece of modern cinema.,positive
Boring and predictable. Definitely not worth watching.,negative
One of the best films I've seen in years. Beautifully crafted!,positive
Disappointed! Expected more from the cast and director.,negative
A heartwarming story that touched my soul. Brilliant direction.,positive
Boring and predictable. Definitely not worth watching.,negative
One of the best films I've seen in years. Beautifully crafted!,positive
One of the best films I've seen in years. Beautifully crafted!,positive
A total waste of time. Couldn't wait for it to end.,negative
"Absolutely loved it! Great acting, wonderful plot, and stunning visuals.",positive
"Worst movie I've seen. Plot was weak, and the acting was worse.",negative
A heartwarming story that touched my soul. Brilliant direction.,positive
An outstanding movie with amazing performances. Highly recommend!,positive
Disappointed! Expected more from the cast and director.,negative
"Worst movie I've seen. Plot was weak, and the acting was worse.",negative
Terrible script and horrible acting. Would not recommend.,negative
"Absolutely loved it! Great acting, wonderful plot, and stunning visuals.",positive
Terrible script and horrible acting. Would not recommend.,negative
A total waste of time. Couldn't wait for it to end.,negative
Disappointed! Expected more from the cast and director.,negative
One of the best films I've seen in years. Beautifully crafted!,positive
A total waste of time. Couldn't wait for it to end.,negative
An outstanding movie with amazing performances. Highly recommend!,positive
"Absolutely loved it! Great acting, wonderful plot, and stunning visuals.",positive
"Absolutely loved it! Great acting, wonderful plot, and stunning visuals.",positive
Terrible script and horrible acting. Would not recommend.,negative
One of the best films I've seen in years. Beautifully crafted!,positive
An outstanding movie with amazing performances. Highly recommend!,positive
A heartwarming story that touched my soul. Brilliant direction.,positive
Disappointed! Expected more from the cast and director.,negative
Disappointed! Expected more from the cast and director.,negative
One of the best films I've seen in years. Beautifully crafted!,positive
An outstanding movie with amazing performances. Highly recommend!,positive
"Worst movie I've seen. Plot was weak, and the acting was worse.",negative
Boring and predictable. Definitely not worth watching.,negative
Boring and predictable. Definitely not worth watching.,negative
"Worst movie I've seen. Plot was weak, and the acting was worse.",negative
Disappointed! Expected more from the cast and director.,negative
"Absolutely loved it! Great acting, wonderful plot, and stunning visuals.",positive
A heartwarming story that touched my soul. Brilliant direction.,positive
Disappointed! Expected more from the cast and director.,negative
Disappointed! Expected more from the cast and director.,negative
Disappointed! Expected more from the cast and director.,negative
"Absolutely loved it! Great acting, wonderful plot, and stunning visuals.",positive
"Absolutely loved it! Great acting, wonderful plot, and stunning visuals.",positive
One of the best films I've seen in years. Beautifully crafted!,positive
Loved every bit of it! A masterpiece of modern cinema.,positive
Loved every bit of it! A masterpiece of modern cinema.,positive
Disappointed! Expected more from the cast and director.,negative
Loved every bit of it! A masterpiece of modern cinema.,positive
Loved every bit of it! A masterpiece of modern cinema.,positive
Boring and predictable. Definitely not worth watching.,negative
A heartwarming story that touched my soul. Brilliant direction.,positive
A total waste of time. Couldn't wait for it to end.,negative
A total waste of time. Couldn't wait for it to end.,negative
A total waste of time. Couldn't wait for it to end.,negative
Disappointed! Expected more from the cast and director.,negative
One of the best films I've seen in years. Beautifully crafted!,positive
One of the best films I've seen in years. Beautifully crafted!,positive
Disappointed! Expected more from the cast and director.,negative
A heartwarming story that touched my soul. Brilliant direction.,positive
Disappointed! Expected more from the cast and director.,negative
Loved every bit of it! A masterpiece of modern cinema.,positive
Boring and predictable. Definitely not worth watching.,negative
An outstanding movie with amazing performances. Highly recommend!,positive
"Worst movie I've seen. Plot was weak, and the acting was worse.",negative
One of the best films I've seen in years. Beautifully crafted!,positive
Terrible script and horrible acting. Would not recommend.,negative
Terrible script and horrible acting. Would not recommend.,negative
An outstanding movie with amazing performances. Highly recommend!,positive
A heartwarming story that touched my soul. Brilliant direction.,positive
"Absolutely loved it! Great acting, wonderful plot, and stunning visuals.",positive
Boring and predictable. Definitely not worth watching.,negative
A total waste of time. Couldn't wait for it to end.,negative
A total waste of time. Couldn't wait for it to end.,negative
Disappointed! Expected more from the cast and director.,negative
Terrible script and horrible acting. Would not recommend.,negative
One of the best films I've seen in years. Beautifully crafted!,positive
Disappointed! Expected more from the cast and director.,negative
A heartwarming story that touched my soul. Brilliant direction.,positive
Boring and predictable. Definitely not worth watching.,negative
Boring and predictable. Definitely not worth watching.,negative
"Absolutely loved it! Great acting, wonderful plot, and stunning visuals.",positive
A total waste of time. Couldn't wait for it to end.,negative
Terrible script and horrible acting. Would not recommend.,negative
Disappointed! Expected more from the cast and director.,negative
One of the best films I've seen in years. Beautifully crafted!,positive
"Worst movie I've seen. Plot was weak, and the acting was worse.",negative
Loved every bit of it! A masterpiece of modern cinema.,positive
"Absolutely loved it! Great acting, wonderful plot, and stunning visuals.",positive
An outstanding movie with amazing performances. Highly recommend!,positive
An outstanding movie with amazing performances. Highly recommend!,positive
Disappointed! Expected more from the cast and director.,negative
Terrible script and horrible acting. Would not recommend.,negative
"Worst movie I've seen. Plot was weak, and the acting was worse.",negative
A total waste of time. Couldn't wait for it to end.,negative
Disappointed! Expected more from the cast and director.,negative
Loved every bit of it! A masterpiece of modern cinema.,positive
Loved every bit of it! A masterpiece of modern cinema.,positive
Loved every bit of it! A masterpiece of modern cinema.,positive
"Worst movie I've seen. Plot was weak, and the acting was worse.",negative
Disappointed! Expected more from the cast and director.,negative
"Worst movie I've seen. Plot was weak, and the acting was worse.",negative
Disappointed! Expected more from the cast and director.,negative
A heartwarming story that touched my soul. Brilliant direction.,positive
"Absolutely loved it! Great acting, wonderful plot, and stunning visuals.",positive
Boring and predictable. Definitely not worth watching.,negative
Loved every bit of it! A masterpiece of modern cinema.,positive
A total waste of time. Couldn't wait for it to end.,negative
An outstanding movie with amazing performances. Highly recommend!,positive
A heartwarming story that touched my soul. Brilliant direction.,positive
One of the best films I've seen in years. Beautifully crafted!,positive
Terrible script and horrible acting. Would not recommend.,negative
"Absolutely loved it! Great acting, wonderful plot, and stunning visuals.",positive
A heartwarming story that touched my soul. Brilliant direction.,positive
A total waste of time. Couldn't wait for it to end.,negative
A heartwarming story that touched my soul. Brilliant direction.,positive
"Absolutely loved it! Great acting, wonderful plot, and stunning visuals.",positive
Terrible script and horrible acting. Would not recommend.,negative
Terrible script and horrible acting. Would not recommend.,negative
Boring and predictable. Definitely not worth watching.,negative
Boring and predictable. Definitely not worth watching.,negative
One of the best films I've seen in years. Beautifully crafted!,positive
"Absolutely loved it! Great acting, wonderful plot, and stunning visuals.",positive
Disappointed! Expected more from the cast and director.,negative
A total waste of time. Couldn't wait for it to end.,negative
An outstanding movie with amazing performances. Highly recommend!,positive
One of the best films I've seen in years. Beautifully crafted!,positive
A heartwarming story that touched my soul. Brilliant direction.,positive
"Worst movie I've seen. Plot was weak, and the acting was worse.",negative
"Worst movie I've seen. Plot was weak, and the acting was worse.",negative
An outstanding movie with amazing performances. Highly recommend!,positive
Disappointed! Expected more from the cast and director.,negative
An outstanding movie with amazing performances. Highly recommend!,positive
A heartwarming story that touched my soul. Brilliant direction.,positive
"Absolutely loved it! Great acting, wonderful plot, and stunning visuals.",positive
Loved every bit of it! A masterpiece of modern cinema.,positive
Loved every bit of it! A masterpiece of modern cinema.,positive
Disappointed! Expected more from the cast and director.,negative
Terrible script and horrible acting. Would not recommend.,negative
An outstanding movie with amazing performances. Highly recommend!,positive
A total waste of time. Couldn't wait for it to end.,negative
One of the best films I've seen in years. Beautifully crafted!,positive
A heartwarming story that touched my soul. Brilliant direction.,positive
"Absolutely loved it! Great acting, wonderful plot, and stunning visuals.",positive
Terrible script and horrible acting. Would not recommend.,negative
Disappointed! Expected more from the cast and director.,negative
Terrible script and horrible acting. Would not recommend.,negative
"Worst movie I've seen. Plot was weak, and the acting was worse.",negative
A total waste of time. Couldn't wait for it to end.,negative
An outstanding movie with amazing performances. Highly recommend!,positive
Disappointed! Expected more from the cast and director.,negative
An outstanding movie with amazing performances. Highly recommend!,positive
Boring and predictable. Definitely not worth watching.,negative
"Worst movie I've seen. Plot was weak, and the acting was worse.",negative
"Absolutely loved it! Great acting, wonderful plot, and stunning visuals.",positive
A total waste of time. Couldn't wait for it to end.,negative
"Worst movie I've seen. Plot was weak, and the acting was worse.",negative
Terrible script and horrible acting. Would not recommend.,negative
"Worst movie I've seen. Plot was weak, and the acting was worse.",negative
Boring and predictable. Definitely not worth watching.,negative
A total waste of time. Couldn't wait for it to end.,negative
A heartwarming story that touched my soul. Brilliant direction.,positive
Disappointed! Expected more from the cast and director.,negative
An outstanding movie with amazing performances. Highly recommend!,positive
Terrible script and horrible acting. Would not recommend.,negative
A total waste of time. Couldn't wait for it to end.,negative
A total waste of time. Couldn't wait for it to end.,negative
"Absolutely loved it! Great acting, wonderful plot, and stunning visuals.",positive
"Worst movie I've seen. Plot was weak, and the acting was worse.",negative
One of the best films I've seen in years. Beautifully crafted!,positive
Loved every bit of it! A masterpiece of modern cinema.,positive
"Absolutely loved it! Great acting, wonderful plot, and stunning visuals.",positive
One of the best films I've seen in years. Beautifully crafted!,positive
"Worst movie I've seen. Plot was weak, and the acting was worse.",negative
"Absolutely loved it! Great acting, wonderful plot, and stunning visuals.",positive
One of the best films I've seen in years. Beautifully crafted!,positive
An outstanding movie with amazing performances. Highly recommend!,positive
Terrible script and horrible acting. Would not recommend.,negative
A total waste of time. Couldn't wait for it to end.,negative
An outstanding movie with amazing performances. Highly recommend!,positive
Boring and predictable. Definitely not worth watching.,negative
"Absolutely loved it! Great acting, wonderful plot, and stunning visuals.",positive
Loved every bit of it! A masterpiece of modern cinema.,positive
A heartwarming story that touched my soul. Brilliant direction.,positive
An outstanding movie with amazing performances. Highly recommend!,positive
Disappointed! Expected more from the cast and director.,negative
A heartwarming story that touched my soul. Brilliant direction.,positive
"Absolutely loved it! Great acting, wonderful plot, and stunning visuals.",positive
An outstanding movie with amazing performances. Highly recommend!,positive
Terrible script and horrible acting. Would not recommend.,negative
"Worst movie I've seen. Plot was weak, and the acting was worse.",negative
A total waste of time. Couldn't wait for it to end.,negative
Disappointed! Expected more from the cast and director.,negative
An outstanding movie with amazing performances. Highly recommend!,positive
One of the best films I've seen in years. Beautifully crafted!,positive
Boring and predictable. Definitely not worth watching.,negative
Disappointed! Expected more from the cast and director.,negative
"Absolutely loved it! Great acting, wonderful plot, and stunning visuals.",positive
Disappointed! Expected more from the cast and director.,negative
"Absolutely loved it! Great acting, wonderful plot, and stunning visuals.",positive
"Absolutely loved it! Great acting, wonderful plot, and stunning visuals.",positive
Terrible script and horrible acting. Would not recommend.,negative
Loved every bit of it! A masterpiece of modern cinema.,positive
Loved every bit of it! A masterpiece of modern cinema.,positive
Disappointed! Expected more from the cast and director.,negative
"Worst movie I've seen. Plot was weak, and the acting was worse.",negative
A total waste of time. Couldn't wait for it to end.,negative
Disappointed! Expected more from the cast and director.,negative
"Absolutely loved it! Great acting, wonderful plot, and stunning visuals.",positive
Loved every bit of it! A masterpiece of modern cinema.,positive
One of the best films I've seen in years. Beautifully crafted!,positive
Disappointed! Expected more from the cast and director.,negative
"Absolutely loved it! Great acting, wonderful plot, and stunning visuals.",positive
"Absolutely loved it! Great acting, wonderful plot, and stunning visuals.",positive
Disappointed! Expected more from the cast and director.,negative
Loved every bit of it! A masterpiece of modern cinema.,positive
A heartwarming story that touched my soul. Brilliant direction.,positive
Disappointed! Expected more from the cast and director.,negative
"Worst movie I've seen. Plot was weak, and the acting was worse.",negative
Terrible script and horrible acting. Would not recommend.,negative
One of the best films I've seen in years. Beautifully crafted!,positive
Boring and predictable. Definitely not worth watching.,negative
Disappointed! Expected more from the cast and director.,negative
"Worst movie I've seen. Plot was weak, and the acting was worse.",negative
Boring and predictable. Definitely not worth watching.,negative
An outstanding movie with amazing performances. Highly recommend!,positive
Terrible script and horrible acting. Would not recommend.,negative
A total waste of time. Couldn't wait for it to end.,negative
"Absolutely loved it! Great acting, wonderful plot, and stunning visuals.",positive
Loved every bit of it! A masterpiece of modern cinema.,positive
"Worst movie I've seen. Plot was weak, and the acting was worse.",negative
Boring and predictable. Definitely not worth watching.,negative
An outstanding movie with amazing performances. Highly recommend!,positive
A total waste of time. Couldn't wait for it to end.,negative
A total waste of time. Couldn't wait for it to end.,negative
Disappointed! Expected more from the cast and director.,negative
Disappointed! Expected more from the cast and director.,negative
Terrible script and horrible acting. Would not recommend.,negative
Disappointed! Expected more from the cast and director.,negative
Terrible script and horrible acting. Would not recommend.,negative
Disappointed! Expected more from the cast and director.,negative
One of the best films I've seen in years. Beautifully crafted!,positive
A total waste of time. Couldn't wait for it to end.,negative
Disappointed! Expected more from the cast and director.,negative
A heartwarming story that touched my soul. Brilliant direction.,positive
"Worst movie I've seen. Plot was weak, and the acting was worse.",negative
An outstanding movie with amazing performances. Highly recommend!,positive
Terrible script and horrible acting. Would not recommend.,negative
Loved every bit of it! A masterpiece of modern cinema.,positive
An outstanding movie with amazing performances. Highly recommend!,positive
An outstanding movie with amazing performances. Highly recommend!,positive
A total waste of time. Couldn't wait for it to end.,negative
"Absolutely loved it! Great acting, wonderful plot, and stunning visuals.",positive
Boring and predictable. Definitely not worth watching.,negative
Disappointed! Expected more from the cast and director.,negative
"Absolutely loved it! Great acting, wonderful plot, and stunning visuals.",positive
"Worst movie I've seen. Plot was weak, and the acting was worse.",negative
Boring and predictable. Definitely not worth watching.,negative
Disappointed! Expected more from the cast and director.,negative
A heartwarming story that touched my soul. Brilliant direction.,positive
A heartwarming story that touched my soul. Brilliant direction.,positive
Disappointed! Expected more from the cast and director.,negative
An outstanding movie with amazing performances. Highly recommend!,positive
Disappointed! Expected more from the cast and director.,negative
Disappointed! Expected more from the cast and director.,negative
"Worst movie I've seen. Plot was weak, and the acting was worse.",negative
A total waste of time. Couldn't wait for it to end.,negative
An outstanding movie with amazing performances. Highly recommend!,positive
Boring and predictable. Definitely not worth watching.,negative
Loved every bit of it! A masterpiece of modern cinema.,positive
"Absolutely loved it! Great acting, wonderful plot, and stunning visuals.",positive
One of the best films I've seen in years. Beautifully crafted!,positive
"Worst movie I've seen. Plot was weak, and the acting was worse.",negative
"Worst movie I've seen. Plot was weak, and the acting was worse.",negative
A heartwarming story that touched my soul. Brilliant direction.,positive
Loved every bit of it! A masterpiece of modern cinema.,positive
Boring and predictable. Definitely not worth watching.,negative
Boring and predictable. Definitely not worth watching.,negative
Loved every bit of it! A masterpiece of modern cinema.,positive
Loved every bit of it! A masterpiece of modern cinema.,positive
Disappointed! Expected more from the cast and director.,negative
Terrible script and horrible acting. Would not recommend.,negative
Disappointed! Expected more from the cast and director.,negative
A total waste of time. Couldn't wait for it to end.,negative
One of the best films I've seen in years. Beautifully crafted!,positive
One of the best films I've seen in years. Beautifully crafted!,positive
A total waste of time. Couldn't wait for it to end.,negative
Disappointed! Expected more from the cast and director.,negative
An outstanding movie with amazing performances. Highly recommend!,positive
"Absolutely loved it! Great acting, wonderful plot, and stunning visuals.",positive
Disappointed! Expected more from the cast and director.,negative
A heartwarming story that touched my soul. Brilliant direction.,positive
"Absolutely loved it! Great acting, wonderful plot, and stunning visuals.",positive
Boring and predictable. Definitely not worth watching.,negative
Boring and predictable. Definitely not worth watching.,negative
One of the best films I've seen in years. Beautifully crafted!,positive
Disappointed! Expected more from the cast and director.,negative
Boring and predictable. Definitely not worth watching.,negative
One of the best films I've seen in years. Beautifully crafted!,positive
Disappointed! Expected more from the cast and director.,negative
"Worst movie I've seen. Plot was weak, and the acting was worse.",negative
One of the best films I've seen in years. Beautifully crafted!,positive
Disappointed! Expected more from the cast and director.,negative
"Absolutely loved it! Great acting, wonderful plot, and stunning visuals.",positive
One of the best films I've seen in years. Beautifully crafted!,positive
"Worst movie I've seen. Plot was weak, and the acting was worse.",negative
A total waste of time. Couldn't wait for it to end.,negative
Disappointed! Expected more from the cast and director.,negative
"Absolutely loved it! Great acting, wonderful plot, and stunning visuals.",positive
Disappointed! Expected more from the cast and director.,negative
"Absolutely loved it! Great acting, wonderful plot, and stunning visuals.",positive
Terrible script and horrible acting. Would not recommend.,negative
Loved every bit of it! A masterpiece of modern cinema.,positive
Disappointed! Expected more from the cast and director.,negative
A heartwarming story that touched my soul. Brilliant direction.,positive
Loved every bit of it! A masterpiece of modern cinema.,positive
One of the best films I've seen in years. Beautifully crafted!,positive
A total waste of time. Couldn't wait for it to end.,negative
An outstanding movie with amazing performances. Highly recommend!,positive
Loved every bit of it! A masterpiece of modern cinema.,positive
One of the best films I've seen in years. Beautifully crafted!,positive
One of the best films I've seen in years. Beautifully crafted!,positive
An outstanding movie with amazing performances. Highly recommend!,positive
A heartwarming story that touched my soul. Brilliant direction.,positive
"Absolutely loved it! Great acting, wonderful plot, and stunning visuals.",positive
"Absolutely loved it! Great acting, wonderful plot, and stunning visuals.",positive
Loved every bit of it! A masterpiece of modern cinema.,positive
One of the best films I've seen in years. Beautifully crafted!,positive
Terrible script and horrible acting. Would not recommend.,negative
Loved every bit of it! A masterpiece of modern cinema.,positive
Terrible script and horrible acting. Would not recommend.,negative
"Absolutely loved it! Great acting, wonderful plot, and stunning visuals.",positive
An outstanding movie with amazing performances. Highly recommend!,positive
Disappointed! Expected more from the cast and director.,negative
A heartwarming story that touched my soul. Brilliant direction.,positive
"Absolutely loved it! Great acting, wonderful plot, and stunning visuals.",positive
Terrible script and horrible acting. Would not recommend.,negative
Loved every bit of it! A masterpiece of modern cinema.,positive
One of the best films I've seen in years. Beautifully crafted!,positive
Boring and predictable. Definitely not worth watching.,negative
A total waste of time. Couldn't wait for it to end.,negative
Boring and predictable. Definitely not worth watching.,negative
Disappointed! Expected more from the cast and director.,negative
Disappointed! Expected more from the cast and director.,negative
Loved every bit of it! A masterpiece of modern cinema.,positive
An outstanding movie with amazing performances. Highly recommend!,positive
Terrible script and horrible acting. Would not recommend.,negative
Disappointed! Expected more from the cast and director.,negative
A heartwarming story that touched my soul. Brilliant direction.,positive
A total waste of time. Couldn't wait for it to end.,negative
An outstanding movie with amazing performances. Highly recommend!,positive
An outstanding movie with amazing performances. Highly recommend!,positive
A total waste of time. Couldn't wait for it to end.,negative
Loved every bit of it! A masterpiece of modern cinema.,positive
Terrible script and horrible acting. Would not recommend.,negative
Boring and predictable. Definitely not worth watching.,negative
Boring and predictable. Definitely not worth watching.,negative
Disappointed! Expected more from the cast and director.,negative
A heartwarming story that touched my soul. Brilliant direction.,positive
Terrible script and horrible acting. Would not recommend.,negative
A total waste of time. Couldn't wait for it to end.,negative
A total waste of time. Couldn't wait for it to end.,negative
One of the best films I've seen in years. Beautifully crafted!,positive
Loved every bit of it! A masterpiece of modern cinema.,positive
Boring and predictable. Definitely not worth watching.,negative
A total waste of time. Couldn't wait for it to end.,negative
An outstanding movie with amazing performances. Highly recommend!,positive
Boring and predictable. Definitely not worth watching.,negative
Boring and predictable. Definitely not worth watching.,negative
Boring and predictable. Definitely not worth watching.,negative
Disappointed! Expected more from the cast and director.,negative
"Worst movie I've seen. Plot was weak, and the acting was worse.",negative
Disappointed! Expected more from the cast and director.,negative
A heartwarming story that touched my soul. Brilliant direction.,positive
Boring and predictable. Definitely not worth watching.,negative
"Absolutely loved it! Great acting, wonderful plot, and stunning visuals.",positive
Terrible script and horrible acting. Would not recommend.,negative
A heartwarming story that touched my soul. Brilliant direction.,positive
Boring and predictable. Definitely not worth watching.,negative
Boring and predictable. Definitely not worth watching.,negative
Boring and predictable. Definitely not worth watching.,negative
"Worst movie I've seen. Plot was weak, and the acting was worse.",negative
A heartwarming story that touched my soul. Brilliant direction.,positive
Loved every bit of it! A masterpiece of modern cinema.,positive
An outstanding movie with amazing performances. Highly recommend!,positive
"Absolutely loved it! Great acting, wonderful plot, and stunning visuals.",positive
A heartwarming story that touched my soul. Brilliant direction.,positive
"Absolutely loved it! Great acting, wonderful plot, and stunning visuals.",positive
A total waste of time. Couldn't wait for it to end.,negative
"Worst movie I've seen. Plot was weak, and the acting was worse.",negative
A total waste of time. Couldn't wait for it to end.,negative
An outstanding movie with amazing performances. Highly recommend!,positive
Disappointed! Expected more from the cast and director.,negative
"Absolutely loved it! Great acting, wonderful plot, and stunning visuals.",positive
A total waste of time. Couldn't wait for it to end.,negative
"Worst movie I've seen. Plot was weak, and the acting was worse.",negative
Disappointed! Expected more from the cast and director.,negative
An outstanding movie with amazing performances. Highly recommend!,positive
"Absolutely loved it! Great acting, wonderful plot, and stunning visuals.",positive
Disappointed! Expected more from the cast and director.,negative
Disappointed! Expected more from the cast and director.,negative
"Absolutely loved it! Great acting, wonderful plot, and stunning visuals.",positive
Disappointed! Expected more from the cast and director.,negative
Disappointed! Expected more from the cast and director.,negative
Loved every bit of it! A masterpiece of modern cinema.,positive
Boring and predictable. Definitely not worth watching.,negative
A total waste of time. Couldn't wait for it to end.,negative
Loved every bit of it! A masterpiece of modern cinema.,positive
Disappointed! Expected more from the cast and director.,negative
"Worst movie I've seen. Plot was weak, and the acting was worse.",negative
A heartwarming story that touched my soul. Brilliant direction.,positive
"Worst movie I've seen. Plot was weak, and the acting was worse.",negative
Loved every bit of it! A masterpiece of modern cinema.,positive
"Absolutely loved it! Great acting, wonderful plot, and stunning visuals.",positive
A total waste of time. Couldn't wait for it to end.,negative
A heartwarming story that touched my soul. Brilliant direction.,positive
A total waste of time. Couldn't wait for it to end.,negative
Boring and predictable. Definitely not worth watching.,negative
A total waste of time. Couldn't wait for it to end.,negative
Terrible script and horrible acting. Would not recommend.,negative
Loved every bit of it! A masterpiece of modern cinema.,positive
Loved every bit of it! A masterpiece of modern cinema.,positive
A heartwarming story that touched my soul. Brilliant direction.,positive
"Absolutely loved it! Great acting, wonderful plot, and stunning visuals.",positive
"Worst movie I've seen. Plot was weak, and the acting was worse.",negative
Disappointed! Expected more from the cast and director.,negative
Boring and predictable. Definitely not worth watching.,negative
"Worst movie I've seen. Plot was weak, and the acting was worse.",negative
"Absolutely loved it! Great acting, wonderful plot, and stunning visuals.",positive
"Absolutely loved it! Great acting, wonderful plot, and stunning visuals.",positive
Terrible script and horrible acting. Would not recommend.,negative
One of the best films I've seen in years. Beautifully crafted!,positive
An outstanding movie with amazing performances. Highly recommend!,positive
"Absolutely loved it! Great acting, wonderful plot, and stunning visuals.",positive
Loved every bit of it! A masterpiece of modern cinema.,positive
Loved every bit of it! A masterpiece of modern cinema.,positive
A heartwarming story that touched my soul. Brilliant direction.,positive
"Absolutely loved it! Great acting, wonderful plot, and stunning visuals.",positive
Terrible script and horrible acting. Would not recommend.,negative
A heartwarming story that touched my soul. Brilliant direction.,positive
An outstanding movie with amazing performances. Highly recommend!,positive
Disappointed! Expected more from the cast and director.,negative
Terrible script and horrible acting. Would not recommend.,negative
"Worst movie I've seen. Plot was weak, and the acting was worse.",negative
Terrible script and horrible acting. Would not recommend.,negative
An outstanding movie with amazing performances. Highly recommend!,positive
A heartwarming story that touched my soul. Brilliant direction.,positive
Terrible script and horrible acting. Would not recommend.,negative
Boring and predictable. Definitely not worth watching.,negative
"Absolutely loved it! Great acting, wonderful plot, and stunning visuals.",positive
Boring and predictable. Definitely not worth watching.,negative
An outstanding movie with amazing performances. Highly recommend!,positive
Terrible script and horrible acting. Would not recommend.,negative
"Worst movie I've seen. Plot was weak, and the acting was worse.",negative
A total waste of time. Couldn't wait for it to end.,negative
"Absolutely loved it! Great acting, wonderful plot, and stunning visuals.",positive
"Absolutely loved it! Great acting, wonderful plot, and stunning visuals.",positive
Loved every bit of it! A masterpiece of modern cinema.,positive
Terrible script and horrible acting. Would not recommend.,negative
"Worst movie I've seen. Plot was weak, and the acting was worse.",negative
Terrible script and horrible acting. Would not recommend.,negative
A heartwarming story that touched my soul. Brilliant direction.,positive
Terrible script and horrible acting. Would not recommend.,negative
One of the best films I've seen in years. Beautifully crafted!,positive
Boring and predictable. Definitely not worth watching.,negative
One of the best films I've seen in years. Beautifully crafted!,positive
Disappointed! Expected more from the cast and director.,negative
Boring and predictable. Definitely not worth watching.,negative
Terrible script and horrible acting. Would not recommend.,negative
An outstanding movie with amazing performances. Highly recommend!,positive
A total waste of time. Couldn't wait for it to end.,negative
A heartwarming story that touched my soul. Brilliant direction.,positive
One of the best films I've seen in years. Beautifully crafted!,positive
"Worst movie I've seen. Plot was weak, and the acting was worse.",negative
"Worst movie I've seen. Plot was weak, and the acting was worse.",negative
One of the best films I've seen in years. Beautifully crafted!,positive
"Absolutely loved it! Great acting, wonderful plot, and stunning visuals.",positive
Boring and predictable. Definitely not worth watching.,negative
One of the best films I've seen in years. Beautifully crafted!,positive
"Absolutely loved it! Great acting, wonderful plot, and stunning visuals.",positive
An outstanding movie with amazing performances. Highly recommend!,positive
"Worst movie I've seen. Plot was weak, and the acting was worse.",negative
Boring and predictable. Definitely not worth watching.,negative
"Worst movie I've seen. Plot was weak, and the acting was worse.",negative
Boring and predictable. Definitely not worth watching.,negative
Boring and predictable. Definitely not worth watching.,negative
"Absolutely loved it! Great acting, wonderful plot, and stunning visuals.",positive
A heartwarming story that touched my soul. Brilliant direction.,positive
Loved every bit of it! A masterpiece of modern cinema.,positive
An outstanding movie with amazing performances. Highly recommend!,positive
Disappointed! Expected more from the cast and director.,negative
A heartwarming story that touched my soul. Brilliant direction.,positive
An outstanding movie with amazing performances. Highly recommend!,positive
Loved every bit of it! A masterpiece of modern cinema.,positive
A total waste of time. Couldn't wait for it to end.,negative
Disappointed! Expected more from the cast and director.,negative
Disappointed! Expected more from the cast and director.,negative
"Absolutely loved it! Great acting, wonderful plot, and stunning visuals.",positive
A heartwarming story that touched my soul. Brilliant direction.,positive
"Absolutely loved it! Great acting, wonderful plot, and stunning visuals.",positive
"Worst movie I've seen. Plot was weak, and the acting was worse.",negative
"Worst movie I've seen. Plot was weak, and the acting was worse.",negative
"Worst movie I've seen. Plot was weak, and the acting was worse.",negative
Boring and predictable. Definitely not worth watching.,negative
"Worst movie I've seen. Plot was weak, and the acting was worse.",negative
Disappointed! Expected more from the cast and director.,negative
A total waste of time. Couldn't wait for it to end.,negative
One of the best films I've seen in years. Beautifully crafted!,positive
Terrible script and horrible acting. Would not recommend.,negative
An outstanding movie with amazing performances. Highly recommend!,positive
A heartwarming story that touched my soul. Brilliant direction.,positive
"Absolutely loved it! Great acting, wonderful plot, and stunning visuals.",positive
Boring and predictable. Definitely not worth watching.,negative
A total waste of time. Couldn't wait for it to end.,negative
A heartwarming story that touched my soul. Brilliant direction.,positive
A total waste of time. Couldn't wait for it to end.,negative
"Worst movie I've seen. Plot was weak, and the acting was worse.",negative
"Worst movie I've seen. Plot was weak, and the acting was worse.",negative
An outstanding movie with amazing performances. Highly recommend!,positive
Boring and predictable. Definitely not worth watching.,negative
Disappointed! Expected more from the cast and director.,negative
Loved every bit of it! A masterpiece of modern cinema.,positive
Boring and predictable. Definitely not worth watching.,negative
A total waste of time. Couldn't wait for it to end.,negative
"Worst movie I've seen. Plot was weak, and the acting was worse.",negative
Disappointed! Expected more from the cast and director.,negative
Loved every bit of it! A masterpiece of modern cinema.,positive
"Absolutely loved it! Great acting, wonderful plot, and stunning visuals.",positive
An outstanding movie with amazing performances. Highly recommend!,positive
A heartwarming story that touched my soul. Brilliant direction.,positive
Terrible script and horrible acting. Would not recommend.,negative
Terrible script and horrible acting. Would not recommend.,negative
An outstanding movie with amazing performances. Highly recommend!,positive
Terrible script and horrible acting. Would not recommend.,negative
"Worst movie I've seen. Plot was weak, and the acting was worse.",negative
"Worst movie I've seen. Plot was weak, and the acting was worse.",negative
A total waste of time. Couldn't wait for it to end.,negative
A total waste of time. Couldn't wait for it to end.,negative
One of the best films I've seen in years. Beautifully crafted!,positive
Boring and predictable. Definitely not worth watching.,negative
One of the best films I've seen in years. Beautifully crafted!,positive
Loved every bit of it! A masterpiece of modern cinema.,positive
Disappointed! Expected more from the cast and director.,negative
Disappointed! Expected more from the cast and director.,negative
Disappointed! Expected more from the cast and director.,negative
Boring and predictable. Definitely not worth watching.,negative
Boring and predictable. Definitely not worth watching.,negative
Boring and predictable. Definitely not worth watching.,negative
A total waste of time. Couldn't wait for it to end.,negative
An outstanding movie with amazing performances. Highly recommend!,positive
Boring and predictable. Definitely not worth watching.,negative
Loved every bit of it! A masterpiece of modern cinema.,positive
One of the best films I've seen in years. Beautifully crafted!,positive
Disappointed! Expected more from the cast and director.,negative
"Worst movie I've seen. Plot was weak, and the acting was worse.",negative
A heartwarming story that touched my soul. Brilliant direction.,positive
Boring and predictable. Definitely not worth watching.,negative
A heartwarming story that touched my soul. Brilliant direction.,positive
Disappointed! Expected more from the cast and director.,negative
A heartwarming story that touched my soul. Brilliant direction.,positive
An outstanding movie with amazing performances. Highly recommend!,positive
Boring and predictable. Definitely not worth watching.,negative
Disappointed! Expected more from the cast and director.,negative
Disappointed! Expected more from the cast and director.,negative
Disappointed! Expected more from the cast and director.,negative
An outstanding movie with amazing performances. Highly recommend!,positive
Disappointed! Expected more from the cast and director.,negative
One of the best films I've seen in years. Beautifully crafted!,positive
One of the best films I've seen in years. Beautifully crafted!,positive
"Absolutely loved it! Great acting, wonderful plot, and stunning visuals.",positive
A heartwarming story that touched my soul. Brilliant direction.,positive
Boring and predictable. Definitely not worth watching.,negative
Boring and predictable. Definitely not worth watching.,negative
Loved every bit of it! A masterpiece of modern cinema.,positive
Boring and predictable. Definitely not worth watching.,negative
An outstanding movie with amazing performances. Highly recommend!,positive
"Absolutely loved it! Great acting, wonderful plot, and stunning visuals.",positive
Boring and predictable. Definitely not worth watching.,negative
One of the best films I've seen in years. Beautifully crafted!,positive
An outstanding movie with amazing performances. Highly recommend!,positive
Disappointed! Expected more from the cast and director.,negative
A total waste of time. Couldn't wait for it to end.,negative
A total waste of time. Couldn't wait for it to end.,negative
Boring and predictable. Definitely not worth watching.,negative
One of the best films I've seen in years. Beautifully crafted!,positive
One of the best films I've seen in years. Beautifully crafted!,positive
Boring and predictable. Definitely not worth watching.,negative
One of the best films I've seen in years. Beautifully crafted!,positive
"Worst movie I've seen. Plot was weak, and the acting was worse.",negative
An outstanding movie with amazing performances. Highly recommend!,positive
"Worst movie I've seen. Plot was weak, and the acting was worse.",negative
Disappointed! Expected more from the cast and director.,negative
A total waste of time. Couldn't wait for it to end.,negative
Loved every bit of it! A masterpiece of modern cinema.,positive
An outstanding movie with amazing performances. Highly recommend!,positive
One of the best films I've seen in years. Beautifully crafted!,positive
"Worst movie I've seen. Plot was weak, and the acting was worse.",negative
Disappointed! Expected more from the cast and director.,negative
One of the best films I've seen in years. Beautifully crafted!,positive
"Worst movie I've seen. Plot was weak, and the acting was worse.",negative
Disappointed! Expected more from the cast and director.,negative
Loved every bit of it! A masterpiece of modern cinema.,positive
Disappointed! Expected more from the cast and director.,negative
A total waste of time. Couldn't wait for it to end.,negative
Terrible script and horrible acting. Would not recommend.,negative
Disappointed! Expected more from the cast and director.,negative
"Worst movie I've seen. Plot was weak, and the acting was worse.",negative
A heartwarming story that touched my soul. Brilliant direction.,positive
Loved every bit of it! A masterpiece of modern cinema.,positive
One of the best films I've seen in years. Beautifully crafted!,positive
"Worst movie I've seen. Plot was weak, and the acting was worse.",negative
"Absolutely loved it! Great acting, wonderful plot, and stunning visuals.",positive
Disappointed! Expected more from the cast and director.,negative
Loved every bit of it! A masterpiece of modern cinema.,positive
Terrible script and horrible acting. Would not recommend.,negative
"Worst movie I've seen. Plot was weak, and the acting was worse.",negative
"Absolutely loved it! Great acting, wonderful plot, and stunning visuals.",positive
"Worst movie I've seen. Plot was weak, and the acting was worse.",negative
A heartwarming story that touched my soul. Brilliant direction.,positive
A total waste of time. Couldn't wait for it to end.,negative
Disappointed! Expected more from the cast and director.,negative
One of the best films I've seen in years. Beautifully crafted!,positive
A total waste of time. Couldn't wait for it to end.,negative
Terrible script and horrible acting. Would not recommend.,negative
A heartwarming story that touched my soul. Brilliant direction.,positive
A heartwarming story that touched my soul. Brilliant direction.,positive
Loved every bit of it! A masterpiece of modern cinema.,positive
Disappointed! Expected more from the cast and director.,negative
One of the best films I've seen in years. Beautifully crafted!,positive
One of the best films I've seen in years. Beautifully crafted!,positive
"Absolutely loved it! Great acting, wonderful plot, and stunning visuals.",positive
A total waste of time. Couldn't wait for it to end.,negative
An outstanding movie with amazing performances. Highly recommend!,positive
A heartwarming story that touched my soul. Brilliant direction.,positive
"Worst movie I've seen. Plot was weak, and the acting was worse.",negative
Loved every bit of it! A masterpiece of modern cinema.,positive
Loved every bit of it! A masterpiece of modern cinema.,positive
"Worst movie I've seen. Plot was weak, and the acting was worse.",negative
A heartwarming story that touched my soul. Brilliant direction.,positive
Loved every bit of it! A masterpiece of modern cinema.,positive
An outstanding movie with amazing performances. Highly recommend!,positive
"Absolutely loved it! Great acting, wonderful plot, and stunning visuals.",positive
An outstanding movie with amazing performances. Highly recommend!,positive
Disappointed! Expected more from the cast and director.,negative
Terrible script and horrible acting. Would not recommend.,negative
"Worst movie I've seen. Plot was weak, and the acting was worse.",negative
One of the best films I've seen in years. Beautifully crafted!,positive
One of the best films I've seen in years. Beautifully crafted!,positive
A heartwarming story that touched my soul. Brilliant direction.,positive
Loved every bit of it! A masterpiece of modern cinema.,positive
One of the best films I've seen in years. Beautifully crafted!,positive
Boring and predictable. Definitely not worth watching.,negative
"Absolutely loved it! Great acting, wonderful plot, and stunning visuals.",positive
A total waste of time. Couldn't wait for it to end.,negative
Boring and predictable. Definitely not worth watching.,negative
A heartwarming story that touched my soul. Brilliant direction.,positive
One of the best films I've seen in years. Beautifully crafted!,positive
"Absolutely loved it! Great acting, wonderful plot, and stunning visuals.",positive
Loved every bit of it! A masterpiece of modern cinema.,positive
A total waste of time. Couldn't wait for it to end.,negative
Loved every bit of it! A masterpiece of modern cinema.,positive
Boring and predictable. Definitely not worth watching.,negative
A heartwarming story that touched my soul. Brilliant direction.,positive
An outstanding movie with amazing performances. Highly recommend!,positive
Boring and predictable. Definitely not worth watching.,negative
One of the best films I've seen in years. Beautifully crafted!,positive
Disappointed! Expected more from the cast and director.,negative
Loved every bit of it! A masterpiece of modern cinema.,positive
A total waste of time. Couldn't wait for it to end.,negative
Boring and predictable. Definitely not worth watching.,negative
One of the best films I've seen in years. Beautifully crafted!,positive
"Worst movie I've seen. Plot was weak, and the acting was worse.",negative
One of the best films I've seen in years. Beautifully crafted!,positive
A total waste of time. Couldn't wait for it to end.,negative
"Absolutely loved it! Great acting, wonderful plot, and stunning visuals.",positive
"Worst movie I've seen. Plot was weak, and the acting was worse.",negative
Loved every bit of it! A masterpiece of modern cinema.,positive
Loved every bit of it! A masterpiece of modern cinema.,positive
"Worst movie I've seen. Plot was weak, and the acting was worse.",negative
Terrible script and horrible acting. Would not recommend.,negative
A heartwarming story that touched my soul. Brilliant direction.,positive
Terrible script and horrible acting. Would not recommend.,negative
A heartwarming story that touched my soul. Brilliant direction.,positive
One of the best films I've seen in years. Beautifully crafted!,positive
One of the best films I've seen in years. Beautifully crafted!,positive
An outstanding movie with amazing performances. Highly recommend!,positive
An outstanding movie with amazing performances. Highly recommend!,positive
"Worst movie I've seen. Plot was weak, and the acting was worse.",negative
Loved every bit of it! A masterpiece of modern cinema.,positive
Loved every bit of it! A masterpiece of modern cinema.,positive
Boring and predictable. Definitely not worth watching.,negative
"Worst movie I've seen. Plot was weak, and the acting was worse.",negative
A total waste of time. Couldn't wait for it to end.,negative
One of the best films I've seen in years. Beautifully crafted!,positive
A total waste of time. Couldn't wait for it to end.,negative
An outstanding movie with amazing performances. Highly recommend!,positive
One of the best films I've seen in years. Beautifully crafted!,positive
Boring and predictable. Definitely not worth watching.,negative
A heartwarming story that touched my soul. Brilliant direction.,positive
Terrible script and horrible acting. Would not recommend.,negative
A total waste of time. Couldn't wait for it to end.,negative
Boring and predictable. Definitely not worth watching.,negative
Loved every bit of it! A masterpiece of modern cinema.,positive
"Absolutely loved it! Great acting, wonderful plot, and stunning visuals.",positive
Loved every bit of it! A masterpiece of modern cinema.,positive
A total waste of time. Couldn't wait for it to end.,negative
Boring and predictable. Definitely not worth watching.,negative
Boring and predictable. Definitely not worth watching.,negative
Boring and predictable. Definitely not worth watching.,negative
An outstanding movie with amazing performances. Highly recommend!,positive
Loved every bit of it! A masterpiece of modern cinema.,positive
An outstanding movie with amazing performances. Highly recommend!,positive
"Absolutely loved it! Great acting, wonderful plot, and stunning visuals.",positive
"Worst movie I've seen. Plot was weak, and the acting was worse.",negative
Boring and predictable. Definitely not worth watching.,negative
An outstanding movie with amazing performances. Highly recommend!,positive
A heartwarming story that touched my soul. Brilliant direction.,positive
Loved every bit of it! A masterpiece of modern cinema.,positive
"Absolutely loved it! Great acting, wonderful plot, and stunning visuals.",positive
Loved every bit of it! A masterpiece of modern cinema.,positive
A heartwarming story that touched my soul. Brilliant direction.,positive
An outstanding movie with amazing performances. Highly recommend!,positive
An outstanding movie with amazing performances. Highly recommend!,positive
"Worst movie I've seen. Plot was weak, and the acting was worse.",negative
"Worst movie I've seen. Plot was weak, and the acting was worse.",negative
One of the best films I've seen in years. Beautifully crafted!,positive
Boring and predictable. Definitely not worth watching.,negative
Boring and predictable. Definitely not worth watching.,negative
Terrible script and horrible acting. Would not recommend.,negative
Disappointed! Expected more from the cast and director.,negative
Disappointed! Expected more from the cast and director.,negative
An outstanding movie with amazing performances. Highly recommend!,positive
One of the best films I've seen in years. Beautifully crafted!,positive
Disappointed! Expected more from the cast and director.,negative
"Absolutely loved it! Great acting, wonderful plot, and stunning visuals.",positive
Terrible script and horrible acting. Would not recommend.,negative
Boring and predictable. Definitely not worth watching.,negative
A total waste of time. Couldn't wait for it to end.,negative
One of the best films I've seen in years. Beautifully crafted!,positive
Loved every bit of it! A masterpiece of modern cinema.,positive
A total waste of time. Couldn't wait for it to end.,negative
A heartwarming story that touched my soul. Brilliant direction.,positive
Boring and predictable. Definitely not worth watching.,negative
"Absolutely loved it! Great acting, wonderful plot, and stunning visuals.",positive
"Absolutely loved it! Great acting, wonderful plot, and stunning visuals.",positive
"Worst movie I've seen. Plot was weak, and the acting was worse.",negative
An outstanding movie with amazing performances. Highly recommend!,positive
"Absolutely loved it! Great acting, wonderful plot, and stunning visuals.",positive
"Worst movie I've seen. Plot was weak, and the acting was worse.",negative
An outstanding movie with amazing performances. Highly recommend!,positive
A total waste of time. Couldn't wait for it to end.,negative
A total waste of time. Couldn't wait for it to end.,negative
Disappointed! Expected more from the cast and director.,negative
An outstanding movie with amazing performances. Highly recommend!,positive
One of the best films I've seen in years. Beautifully crafted!,positive
"Worst movie I've seen. Plot was weak, and the acting was worse.",negative
"Absolutely loved it! Great acting, wonderful plot, and stunning visuals.",positive
Loved every bit of it! A masterpiece of modern cinema.,positive
Boring and predictable. Definitely not worth watching.,negative
Loved every bit of it! A masterpiece of modern cinema.,positive
Boring and predictable. Definitely not worth watching.,negative
An outstanding movie with amazing performances. Highly recommend!,positive
A total waste of time. Couldn't wait for it to end.,negative
A heartwarming story that touched my soul. Brilliant direction.,positive
